listen to youtube in background	listen to youtube in background
listen to youtube in background	listen to youtube in background android
listen to youtube in background	listen to youtube in background iphone
listen to youtube in background	listen to youtube in background app
listen to youtube in background	listen to youtube in background without premium
listen to youtube in background	listen to youtube in background website
listen to youtube in background	listen to youtube in background ios
listen to youtube in background	listen to youtube in background ps5
listen to youtube in background	listen to.youtube in background reddit
listen to youtube in background	listen to youtube in background ipad
listen to youtube in background	listen to youtube music in background android
listen to youtube in background	how to listen to youtube in background android 2024
listen to youtube in background	listen to youtube in the background
listen to youtube in background	listen to youtube in the background iphone
listen to youtube in background	listen youtube video in background android
listen to youtube in background	listen to youtube music in the background
listen to youtube in background	listen to youtube videos in the background
listen to youtube in background	app that you can listen to youtube in the background
listen to youtube in background	best app to listen to youtube in background
listen to youtube in background	best app to listen youtube music in background
listen to youtube in background	can you listen to youtube in the background
listen to youtube in background	how to listen to youtube in the background
listen to youtube in background	can you listen to youtube music in background
listen to youtube in background	how can i play youtube in background
listen to youtube in background	can you listen to youtube in background
listen to youtube in background	can you listen to youtube in background ps5
listen to youtube in background	can you listen to youtube in the background on xbox
listen to youtube in background	why can t you listen to youtube in background
listen to youtube in background	can you listen to youtube in the background on iphone
listen to youtube in background	can you listen to youtube music in background without premium
listen to youtube in background	why cant i listen to youtube in the background anymore
listen to youtube in background	can i listen to youtube music in the background
listen to youtube in background	how do i listen to youtube in the background
listen to youtube in background	how do i listen to youtube in the background on my iphone
listen to youtube in background	how do i keep youtube music playing in the background
listen to youtube in background	listen to youtube in background free
listen to youtube in background	how to listen youtube music in background for free
listen to youtube in background	free app to listen youtube in background
listen to youtube in background	can you listen to youtube music in the background for free
listen to youtube in background	how listen to youtube in background
listen to youtube in background	how listen to youtube in background iphone
listen to youtube in background	how to listen to youtube in background android
listen to youtube in background	how to listen youtube in background without premium
listen to youtube in background	how to listen youtube in background samsung
listen to youtube in background	how to listen to youtube in background with premium
listen to youtube in background	how to listen to youtube in background on safari
listen to youtube in background	how to listen to youtube in background without premium iphone
listen to youtube in background	how to listen to youtube in background on xbox
listen to youtube in background	listen to youtube music in background iphone
listen to youtube in background	how to listen youtube video in background iphone
listen to youtube in background	can i listen to youtube in background ps5
listen to youtube in background	can i listen to youtube in background
listen to youtube in background	apps that let you listen to youtube in background
listen to youtube in background	why can't i listen to youtube in the background
listen to youtube in background	listen to youtube music background
listen to youtube in background	app to listen to youtube music in background
listen to youtube in background	how to listen youtube music in background without premium
listen to youtube in background	how to listen youtube music in background on phone
listen to youtube in background	listen to youtube in background on iphone
listen to youtube in background	how to listen to youtube in background on samsung
listen to youtube in background	how to listen to youtube in background on android
listen to youtube in background	how to listen to youtube in background on phone
listen to youtube in background	how to listen to youtube in background on ipad
listen to youtube in background	how to listen to youtube in background on ps5
listen to youtube in background	listen to youtube on background
listen to youtube in background	why can i not listen to youtube in the background
listen to youtube in background	listen youtube in background online
listen to youtube in background	how to listen to youtube in background/turn off phone without premium
listen to youtube in background	listen to youtube songs in background
listen to youtube in background	listen to youtube in the background android
listen to youtube in background	how to listen to youtube in the background without premium
listen to youtube in background	can you listen to youtube in the background on ps5
listen to youtube in background	how to listen to youtube in background while using other apps
listen to youtube in background	listen to youtube video in background
listen to youtube in background	listen youtube videos background android
listen to youtube in background	can you listen to youtube videos in the background
listen to youtube in background	how to listen to youtube in background xbox
listen to youtube in background	how to listen to youtube music in the background on xbox
listen to youtube in background	how do you listen to youtube in the background
play youtube in background	play youtube in background
play youtube in background	play youtube in background android
play youtube in background	play youtube in background iphone
play youtube in background	play youtube in background iphone 15
play youtube in background	play youtube in background app
play youtube in background	play youtube in background in samsung
play youtube in background	play youtube in background android screen off
play youtube in background	play youtube in background android without premium
play youtube in background	play youtube in background ps5
play youtube in background	play youtube in background ipad
play youtube in background	play youtube in background android free
play youtube in background	play youtube in background android app
play youtube in background	play youtube in background android apk
play youtube in background	play youtube in background android phone
play youtube in background	play youtube in background android browser
play youtube in background	play youtube in background app iphone
play youtube in background	play youtube in background browser
play youtube in background	play youtube in background brave browser
play youtube in background	play youtube in background brave
play youtube in background	play youtube in background samsung browser
play youtube in background	play youtube in background iphone brave
play youtube in background	how to play youtube in background brave browser iphone
play youtube in background	brave play youtube in background ios
play youtube in background	youtube play button background
play youtube in background	youtube play button background image
play youtube in background	play youtube in background chrome
play youtube in background	play youtube in background chrome android
play youtube in background	play youtube in background chrome extension
play youtube in background	play youtube in background computer
play youtube in background	play youtube in background iphone chrome
play youtube in background	does youtube playing in background count as screen time
play youtube in background	keep youtube playing in background chrome
play youtube in background	cant play youtube in background
play youtube in background	can play youtube in background
play youtube in background	cara play youtube in background
play youtube in background	play youtube in background desktop
play youtube in background	youtube play in background download
play youtube in background	play youtube in background android download
play youtube in background	play youtube in background steam deck
play youtube in background	how to play youtube in background discord
play youtube in background	play youtube in background android apk download
play youtube in background	duckduckgo play youtube in background
play youtube in background	does youtube play in background
play youtube in background	does youtube play in background now
play youtube in background	brave doesn't play youtube in background
play youtube in background	play youtube in background extension
play youtube in background	play youtube in background firefox extension
play youtube in background	how to play youtube in background even when the phone is locked
play youtube in background	edge play youtube in background
play youtube in background	enable youtube play in background
play youtube in background	how to play youtube in background microsoft edge
play youtube in background	how to play youtube in background microsoft edge android
play youtube in background	how to play youtube in background in moto edge 50 fusion
play youtube in background	safari extension to play youtube in background
play youtube in background	play youtube in background firefox android
play youtube in background	play youtube in background firefox
play youtube in background	play youtube in background free
play youtube in background	play youtube in background firefox mobile
play youtube in background	play youtube in background free app
play youtube in background	watch youtube in background free
play youtube in background	play youtube in background iphone free
play youtube in background	play youtube music in background free
play youtube in background	play youtube in background google chrome
play youtube in background	youtube play in background glitch
play youtube in background	how to play youtube in background google pixel
play youtube in background	how to play youtube in background galaxy
play youtube in background	samsung galaxy play youtube in background
play youtube in background	how to play youtube in background opera gx
play youtube in background	google tv play youtube in background
play youtube in background	how to get youtube play in background
play youtube in background	how to get youtube play in background iphone
play youtube in background	how to get youtube play in background android
play youtube in background	play youtube in background huawei
play youtube in background	play youtube in background honor
play youtube in background	play youtube in background hack
play youtube in background	youtube play in background how
play youtube in background	how play youtube in background android
play youtube in background	how play youtube in background iphone
play youtube in background	how play youtube in background ios
play youtube in background	how to play youtube in background iphone without premium
play youtube in background	how to play youtube in background android without premium
play youtube in background	how to play youtube in background without premium
play youtube in background	play youtube in background iphone without premium
play youtube in background	play youtube in background ios
play youtube in background	play youtube in background iphone 17
play youtube in background	play youtube in background iphone 16
play youtube in background	play youtube in background iphone 2024
play youtube in background	why did justin play youtube in background
play youtube in background	why did justin bieber play youtube in background
play youtube in background	how to play youtube in background
play youtube in background	can you play youtube app in background
play youtube in background	youtube play in background keeps stopping
play youtube in background	keep playing youtube in background iphone
play youtube in background	keep playing youtube in background android
play youtube in background	keep playing youtube in background
play youtube in background	play youtube in background laptop
play youtube in background	play youtube in background lock screen
play youtube in background	play youtube in background android lock screen
play youtube in background	youtube background play link
play youtube in background	how to watch youtube in background laptop
play youtube in background	let youtube play in background android
play youtube in background	let youtube play in background
play youtube in background	let youtube play in background iphone
play youtube in background	how to play youtube in background iphone lock screen
play youtube in background	how to play youtube in background iphone locked
play youtube in background	play youtube in background mobile
play youtube in background	play youtube in background macbook
play youtube in background	play youtube in background mac
play youtube in background	play youtube in background android mobile
play youtube in background	how to play youtube video in background mobile
play youtube in background	play youtube background music
play youtube in background	how to play youtube in background motorola
play youtube in background	how to play youtube in background meta quest 3
play youtube in background	play youtube in background no premium
play youtube in background	youtube play in background not working
play youtube in background	youtube play in background now
play youtube in background	youtube play in background not working iphone
play youtube in background	play youtube in background on android
play youtube in background	play youtube in background on iphone
play youtube in background	play youtube in background on phone
play youtube in background	play youtube in background on samsung
play youtube in background	play youtube in background on xbox
play youtube in background	play youtube in background on ps5
play youtube in background	play youtube in background online
play youtube in background	play youtube in background on ipad
play youtube in background	play youtube in background on android phone
play youtube in background	play youtube in background on safari
play youtube in background	play youtube in background phone
play youtube in background	play youtube in background pc
play youtube in background	play youtube in background premium
play youtube in background	play youtube in background pixel
play youtube in background	play youtube in background without premium
play youtube in background	play youtube in background iphone premium
play youtube in background	play youtube in background android premium
play youtube in background	play youtube music in background ps5
play youtube in background	how to play youtube in background quest 3
play youtube in background	can i play youtube in background on android
play youtube in background	play youtube in background reddit
play youtube in background	play youtube in background redmi
play youtube in background	play youtube in background realme
play youtube in background	play youtube in background android reddit
play youtube in background	play youtube in background iphone reddit
play youtube in background	play youtube in background ios reddit
play youtube in background	play youtube music in background reddit
play youtube in background	play youtube in background app reddit
play youtube in background	how to play youtube in background redmi note 10 pro
play youtube in background	brave youtube not playing in background reddit
play youtube in background	play youtube in background samsung
play youtube in background	play youtube in background screen off
play youtube in background	play youtube in background samsung internet
play youtube in background	play youtube in background safari
play youtube in background	play youtube in background safari iphone
play youtube in background	play youtube in background site
play youtube in background	play youtube in background s24 ultra
play youtube in background	play youtube in background setting
play youtube in background	play youtube in background tablet
play youtube in background	play youtube in the background
play youtube in background	play youtube in the background iphone
play youtube in background	play youtube in the background android
play youtube in background	play youtube in the background without premium
play youtube in background	play youtube in the background app
play youtube in background	play youtube in the background ipad
play youtube in background	play youtube in the background ios
play youtube in background	play youtube in the background ps5
play youtube in background	play youtube in the background xbox
play youtube in background	play youtube in background while using other apps
play youtube in background	how to play youtube in background using brave browser
play youtube in background	how to play youtube in background using chrome
play youtube in background	how to play youtube in background using safari
play youtube in background	how to play youtube in background using brave
play youtube in background	how to play youtube in background using iphone
play youtube in background	how to play youtube in background using samsung internet
play youtube in background	how to play youtube in background using app
play youtube in background	how to play youtube in background using samsung browser
play youtube in background	play youtube in background vivo
play youtube in background	play youtube video background
play youtube in background	play youtube video background iphone
play youtube in background	play youtube video background android
play youtube in background	play youtube video background website
play youtube in background	play youtube video background online
play youtube in background	play youtube videos in background without premium
play youtube in background	play youtube videos in background android app
play youtube in background	play youtube video in background ipad
play youtube in background	play youtube video in background chrome
play youtube in background	play youtube in background website
play youtube in background	play youtube in background with premium
play youtube in background	play youtube in background with screen off
play youtube in background	play youtube in background without ads
play youtube in background	play youtube in background without pip
play youtube in background	play youtube in background without premium iphone
play youtube in background	play youtube in background web
play youtube in background	play youtube in background without premium android
play youtube in background	play youtube in background xbox
play youtube in background	play youtube in background xiaomi
play youtube in background	play youtube music in background xbox
play youtube in background	play youtube music in background xbox one
play youtube in background	how to play youtube in background xbox series s
play youtube in background	play youtube in background xbox series x
play youtube in background	can you play youtube in background xbox
play youtube in background	how to play youtube in background xbox one
play youtube in background	how to play youtube music in background xiaomi
play youtube in background	how to make youtube play in background xiaomi
play youtube in background	play youtube in background youtube premium
play youtube in background	play youtube in background iphone youtube app
play youtube in background	play youtube in background iphone youtube premium
play youtube in background	can you play youtube in background ps5
play youtube in background	can you play youtube in background
play youtube in background	can you play youtube in background on xbox
play youtube in background	can you play youtube in background without premium
play youtube in background	can you play youtube in background on iphone
play youtube in background	can you play youtube in background ps4
play youtube in background	how do you play youtube in background
youtube background play	youtube background play
youtube background play	youtube background play not working
youtube background play	youtube background play keeps stopping
youtube background play	youtube background play not working iphone
youtube background play	youtube background play not working with premium
youtube background play	youtube background play iphone
youtube background play	youtube background player
youtube background play	youtube background play android
youtube background play	youtube background play free
youtube background play	youtube background play without premium
youtube background play	youtube background play app
youtube background play	youtube background play android auto
youtube background play	youtube background play android not working
youtube background play	youtube background play app download
youtube background play	youtube background play app for android
youtube background play	youtube background play app free
youtube background play	youtube background play app free download
youtube background play	youtube background play app for iphone
youtube background play	youtube background play app ios
youtube background play	youtube background play broken
youtube background play	youtube background play buffering
youtube background play	youtube background play browser
youtube background play	youtube background play bug
youtube background play	youtube background play brave
youtube background play	youtube background play brave browser
youtube background play	youtube background play button
youtube background play	youtube background play bypass
youtube background play	youtube background play browser android
youtube background play	youtube background play samsung browser
youtube background play	youtube background play cutting out
youtube background play	youtube background play chrome extension
youtube background play	youtube background play chrome
youtube background play	youtube background play canada
youtube background play	youtube background play crashing
youtube background play	youtube background play chrome android
youtube background play	youtube background play com
youtube background play	youtube background play cost
youtube background play	does youtube background play count as screen time
youtube background play	youtube background play keeps crashing
youtube background play	youtube background play doesn't work
youtube background play	youtube background play download
youtube background play	youtube background play disabled
youtube background play	youtube background play data usage
youtube background play	youtube background play desktop
youtube background play	youtube background play download app
youtube background play	youtube background play doesn't work anymore
youtube background play	youtube background play download apk
youtube background play	youtube background play disappeared
youtube background play	youtube premium background play doesn't work
youtube background play	youtube background play extension
youtube background play	youtube background play extension android
youtube background play	youtube background play extension chrome
youtube background play	youtube background play extension firefox
youtube background play	youtube background play extension safari
youtube background play	youtube background play extension kiwi browser
youtube background play	youtube background play enable
youtube background play	youtube background play edge
youtube background play	youtube background play error
youtube background play	youtube background play edge android
youtube background play	youtube background play firefox
youtube background play	youtube background play fix
youtube background play	youtube background play free now
youtube background play	youtube background play firefox android
youtube background play	youtube background play firefox extension
youtube background play	youtube background play fix firefox
youtube background play	youtube background play fix extension
youtube background play	youtube background play for iphone
youtube background play	youtube background play free ios
youtube background play	youtube background play gone
youtube background play	youtube background play github
youtube background play	youtube background play glitch
youtube background play	youtube background play greasyfork
youtube background play	youtube background playback greasyfork
youtube background play	youtube music background play github
youtube background play	google youtube background play patch
youtube background play	google youtube background play
youtube background play	google chrome youtube background play
youtube background play	google tv youtube background play
youtube background play	youtube background play hack
youtube background play	youtube background play how
youtube background play	youtube background play how to turn on
youtube background play	hyperos youtube background play
youtube background play	honor youtube background play
youtube background play	how to youtube background play on android
youtube background play	how does youtube background play work
youtube background play	how to youtube background play iphone
youtube background play	youtube now has background play
youtube background play	how to enable youtube background play
youtube background play	youtube background play ios
youtube background play	youtube background play is not working
youtube background play	youtube background play isn't available for this video
youtube background play	youtube background play issues
youtube background play	youtube background play iphone not working
youtube background play	youtube background play isn't working
youtube background play	youtube background play ipad
youtube background play	youtube background play in samsung
youtube background play	youtube background play in safari
youtube background play	jiosphere youtube background play
youtube background play	jiosphere youtube background play not working
youtube background play	jiosphere youtube background play problem
youtube background play	how to use background play on youtube
youtube background play	how to set youtube play in background
youtube background play	youtube background play keeps pausing
youtube background play	youtube background play keeps buffering
youtube background play	youtube background play kaise kare
youtube background play	youtube background play keeps stopping reddit
youtube background play	youtube background play kiwi browser
youtube background play	youtube background play kiwi
youtube background play	youtube premium background play keeps stopping
youtube background play	youtube app background play keeps stopping
youtube background play	youtube background play lock screen
youtube background play	youtube background play loophole
youtube background play	youtube background playback loophole closed
youtube background play	youtube background play premium lite
youtube background play	youtube background play no longer working
youtube background play	youtube premium background play limit
youtube background play	youtube background play not loading
youtube background play	youtube background playback no longer free
youtube background play	youtube lite background play
youtube background play	youtube background play mobile
youtube background play	youtube background play music
youtube background play	youtube background play members only
youtube background play	youtube background play meaning
youtube background play	youtube background play music app
youtube background play	youtube background play magisk module
youtube background play	youtube background play module
youtube background play	youtube background play music download
youtube background play	youtube background play mode
youtube background play	youtube background playback meaning
youtube background play	youtube background play not working android
youtube background play	youtube background play not working reddit
youtube background play	youtube background play no premium
youtube background play	youtube background play not available for this video
youtube background play	youtube background play not working even with premium
youtube background play	youtube background play not available
youtube background play	youtube background play online
youtube background play	youtube background play on iphone
youtube background play	youtube background play on samsung
youtube background play	youtube background play off
youtube background play	youtube background play on android
youtube background play	youtube background play option
youtube background play	youtube background play on xbox
youtube background play	youtube background play on ios
youtube background play	youtube background play on pc
youtube background play	youtube background play on phone
youtube background play	youtube background play ps5
youtube background play	youtube background play pausing
youtube background play	youtube background play premium
youtube background play	youtube background play problem
youtube background play	youtube background play pc
youtube background play	youtube background play phone
youtube background play	youtube background play premium not working
youtube background play	youtube background play pixel
youtube background play	youtube background play reddit
youtube background play	youtube background play randomly stops
youtube background play	youtube background play removed
youtube background play	youtube background play root
youtube background play	youtube background play realme
youtube background play	youtube music background play reddit
youtube background play	youtube background play ios reddit
youtube background play	youtube premium background play randomly stops
youtube background play	youtube background play iphone reddit
youtube background play	youtube background play android reddit
youtube background play	youtube background play stops after a few seconds
youtube background play	youtube background play stopping
youtube background play	youtube background play settings
youtube background play	youtube background play stopped working
youtube background play	youtube background play safari
youtube background play	youtube background play stops after a few minutes
youtube background play	youtube background play screen off
youtube background play	youtube background play samsung
youtube background play	youtube background play site
youtube background play	youtube background play screen off app
youtube background play	youtube background play turn off
youtube background play	youtube background play third party app
youtube background play	youtube background play trick
youtube background play	youtube background play turn on
youtube background play	youtube background play tv
youtube background play	youtube background playback third party browsers
youtube background play	youtube background play won't work
youtube background play	youtube background play isn't available
youtube background play	youtube background play how to
youtube background play	youtube background play update
youtube background play	youtube background play userscript
youtube background play	youtube background play uk
youtube background play	youtube background play unavailable
youtube background play	youtube background play usa
youtube background play	does youtube background play use less data
youtube background play	does youtube background play use less battery
youtube background play	youtube background play s25 ultra
youtube background play	youtube background play new update
youtube background play	youtube background play video
youtube background play	youtube background play video not working
youtube background play	youtube background play vpn
youtube background play	youtube background play vs picture in picture
youtube background play	youtube background video play app
youtube background play	youtube premium background play video
youtube background play	youtube background play in vivo phone
youtube background play	youtube background play no video
youtube background play	youtube background play apk old version
youtube background play	youtube background play not showing video
youtube background play	youtube background play website
youtube background play	youtube background play working without premium
youtube background play	youtube background play without picture in picture
youtube background play	youtube background play without premium ios
youtube background play	youtube background play workaround
youtube background play	youtube background play what is it
youtube background play	youtube background play without premium reddit
youtube background play	youtube background play without ads
youtube background play	youtube background play without premium iphone
youtube background play	youtube background play xbox
youtube background play	youtube background play xiaomi
youtube background play	youtube music background play xbox
youtube background play	youtube premium background play xbox
youtube background play	youtube background play xbox series x
youtube background play	does youtube background play work on xbox
youtube background play	poco x6 pro youtube background play
youtube background play	can you play youtube in the background on xbox
youtube background play	iqoo z9 youtube background play
youtube screen off	youtube screen off play not working
youtube screen off	youtube screen off
youtube screen off	youtube screen off play
youtube screen off	youtube screen off playback
youtube screen off	youtube screen off android
youtube screen off	youtube screen off not working
youtube screen off	youtube screen off app
youtube screen off	youtube screen off apk
youtube screen off	youtube screen off online
youtube screen off	youtube screen off music play
youtube screen off	youtube screen off apk download latest version
youtube screen off	youtube screen off apk download
youtube screen off	youtube screen off app download
youtube screen off	youtube screen off app android
youtube screen off	youtube screen off apk latest version
youtube screen off	youtube screen off app ios
youtube screen off	youtube music screen off app
youtube screen off	youtube screen off browser
youtube screen off	youtube screen off brave
youtube screen off	youtube full screen cuts off bottom
youtube screen off	brave youtube screen off not working
youtube screen off	youtube background screen off
youtube screen off	youtube full screen cuts off bottom pc
youtube screen off	screen off but youtube on
youtube screen off	brave youtube screen off iphone
youtube screen off	brave youtube screen off reddit
youtube screen off	youtube full screen cuts off bottom phone
youtube screen off	youtube screen cut off
youtube screen off	youtube screen cut off on tv
youtube screen off	youtube full screen off center
youtube screen off	youtube full screen off center firefox
youtube screen off	roku youtube screen cut off
youtube screen off	youtube screen off karke kaise chalaye
youtube screen off	ps4 youtube screen cut off
youtube screen off	youtube full screen cut off android
youtube screen off	youtube screen off download
youtube screen off	youtube premium screen off data usage
youtube screen off	youtube screen off play download
youtube screen off	screen off during youtube video
youtube screen off	screen off play youtube app download
youtube screen off	does youtube with screen off use less data
youtube screen off	screen turns off during youtube video
youtube screen off	youtube screen off extension
youtube screen off	firefox extension youtube screen off
youtube screen off	youtube turn off end screen cards
youtube screen off	youtube play even when screen off
youtube screen off	youtube turn off screen when video ends
youtube screen off	how to watch youtube with screen off
youtube screen off	how to watch youtube videos screen off
youtube screen off	youtube screen off firefox
youtube screen off	youtube screen off free
youtube screen off	youtube music screen off free
youtube screen off	play youtube with screen off firefox
youtube screen off	play youtube with screen off free
youtube screen off	screen off for youtube
youtube screen off	firefox android youtube screen off
youtube screen off	firefox mobile youtube screen off
youtube screen off	youtube screen off karke gana kaise sune
youtube screen off	youtube video goes off screen
youtube screen off	youtube captions going off screen
youtube screen off	how play youtube video screen off
youtube screen off	hyperos youtube screen off
youtube screen off	how listen youtube screen off
youtube screen off	how to youtube screen off
youtube screen off	xiaomi hyperos youtube screen off
youtube screen off	screen off hone wala youtube
youtube screen off	youtube turn off home screen
youtube screen off	hear youtube with screen off
youtube screen off	how to play youtube screen off
youtube screen off	how to watch youtube screen off
youtube screen off	how to play youtube screen off iphone
youtube screen off	youtube screen off iphone
youtube screen off	youtube screen off ios
youtube screen off	play youtube screen off iphone
youtube screen off	youtube music screen off iphone
youtube screen off	listen youtube screen off iphone
youtube screen off	app youtube screen off iphone
youtube screen off	youtube mobile screen off ios
youtube screen off	youtube screen off play ios
youtube screen off	screen off karke youtube kaise chalaye
youtube screen off	youtube me screen off kaise kare
youtube screen off	youtube video screen off karke kaise chalaye
youtube screen off	youtube me song screen off kaise kare
youtube screen off	youtube chalate samay screen off kaise kare
youtube screen off	youtube ko screen off karke kaise chalaye
youtube screen off	screen off karke youtube video kaise chalaye
youtube screen off	mobile screen off karke youtube kaise chalaye
youtube screen off	listen youtube screen off
youtube screen off	lg youtube screen off
youtube screen off	listen youtube screen off android
youtube screen off	youtube lock screen off
youtube screen off	play youtube with screen off lg tv
youtube screen off	youtube premium lite screen off
youtube screen off	youtube listen music screen off
youtube screen off	youtube screen off mod apk
youtube screen off	youtube screen off music
youtube screen off	youtube screen off mode
youtube screen off	youtube me screen off karke gana kaise bajaye
youtube screen off	screen off youtube music player apk
youtube screen off	youtube mobile screen off
youtube screen off	youtube premium screen off not working
youtube screen off	youtube revanced screen off not working
youtube screen off	youtube vanced screen off not working
youtube screen off	youtube play while screen off not working
youtube screen off	youtube premium play with screen off not working
youtube screen off	youtube no ads screen off
youtube screen off	youtube kahit naka off screen
youtube screen off	youtube turn off screen overlay
youtube screen off	youtube on screen off
youtube screen off	play youtube with screen off on iphone
youtube screen off	open youtube screen off
youtube screen off	play youtube with screen off on android
youtube screen off	play youtube with screen off on tv
youtube screen off	play youtube with screen off oppo
youtube screen off	play youtube with screen off oneplus
youtube screen off	youtube screen off play music
youtube screen off	youtube screen off play app
youtube screen off	youtube screen off play apk
youtube screen off	youtube screen off player
youtube screen off	youtube screen off play iphone
youtube screen off	youtube screen off play samsung
youtube screen off	youtube screen off reddit
youtube screen off	youtube screen reader off
youtube screen off	youtube music screen off reddit
youtube screen off	youtube turn off screen reader
youtube screen off	redmi youtube screen off
youtube screen off	youtube revanced screen off
youtube screen off	screen off rekhe youtube
youtube screen off	play youtube with screen off redmi
youtube screen off	youtube screen off song play
youtube screen off	youtube screen off setting
youtube screen off	youtube screen off song play app
youtube screen off	youtube screen off samsung
youtube screen off	youtube screen off song
youtube screen off	youtube pe screen off karke song kaise sune
youtube screen off	safari youtube screen off
youtube screen off	play youtube with screen off samsung tv
youtube screen off	youtube stops screen off
youtube screen off	youtube screen off tv
youtube screen off	youtube screen turns off
youtube screen off	brave youtube screen turning off
youtube screen off	youtube stops when screen turns off
youtube screen off	youtube stops when screen turns off iphone
youtube screen off	brave android youtube screen turns off
youtube screen off	youtube stops when screen turns off android
youtube screen off	youtube tv split screen turn off
youtube screen off	play youtube with screen off tv
youtube screen off	use youtube screen off
youtube screen off	use youtube with screen off android
youtube screen off	screen off while using youtube
youtube screen off	youtube screen off video play
youtube screen off	youtube screen off video
youtube screen off	youtube video screen off play app
youtube screen off	youtube vanced screen off
youtube screen off	youtube screen off without premium
youtube screen off	youtube with screen off
youtube screen off	youtube with screen off android
youtube screen off	youtube while screen off
youtube screen off	youtube with screen off iphone
youtube screen off	watch youtube screen off
youtube screen off	xiaomi youtube screen off
youtube screen off	play youtube with screen off xiaomi
youtube screen off	xbox youtube screen cut off
youtube screen off	screen off while playing youtube xiaomi
youtube screen off	youtube yang boleh off screen
youtube screen off	how to turn off screen while playing youtube
youtube to audio	youtube to audio file mac
youtube to audio	youtube to audio converter wav
youtube to audio	youtube to audio file android
youtube to audio	youtube to audio file converter
youtube to audio	youtube to audio clip
youtube to audio	youtube to audio player
youtube to audio	youtube to audio file online
youtube to audio	youtube to audio downloader wav
youtube to audio	youtube to audio file windows
youtube to audio	youtube to audio free online
youtube to audio	youtube to audio android
youtube to audio	youtube to audio app
youtube to audio	youtube to audio ai
youtube to audio	youtube to audio apk
youtube to audio	youtube to audio and video
youtube to audio	youtube to audio and cut
youtube to audio	youtube to audio converter app
youtube to audio	youtube to audio download application
youtube to audio	youtube video to audio and trim
youtube to audio	youtube video to audio and cutter
youtube to audio	youtube to audio best quality
youtube to audio	youtube to audio bot
youtube to audio	youtube to audio bot telegram
youtube to audio	youtube to audio best
youtube to audio	youtube to audio download bot
youtube to audio	youtube video to audio bot telegram
youtube to audio	youtube audio books free
youtube to audio	youtube audio bitrate
youtube to audio	youtube audio bible
youtube to audio	youtube audio booster
youtube to audio	youtube to audio converter iphone
youtube to audio	youtube to audio conversion free
youtube to audio	youtube to audio cow
youtube to audio	youtube to audio cutter
youtube to audio	youtube to audio convert video
youtube to audio	youtube to audio convert online download
youtube to audio	youtube to audio download convert
youtube to audio	youtube to audio download telegram bot
youtube to audio	youtube to audio download high quality
youtube to audio	youtube to audio do
youtube to audio	youtube to audio extract
youtube to audio	youtube to audio editor
youtube to audio	youtube to audio extract online free
youtube to audio	youtube to audio extract online
youtube to audio	youtube to audio editor mp3
youtube to audio	youtube to audio extension
youtube to audio	youtube to audio editor online
youtube to audio	youtube to audio iphone
youtube to audio	youtube to audio file iphone free
youtube to audio	youtube to audio file reddit
youtube to audio	youtube to audio file pc
youtube to audio	youtube to audio format converter
youtube to audio	youtube to audio high quality
youtube to audio	youtube to audio high quality converter
youtube to audio	youtube to audio highest quality
youtube to audio	youtube to audio hd download
youtube to audio	youtube to hq audio download
youtube to audio	youtube to hifi audio
youtube to audio	youtube video to audio high quality
youtube to audio	youtube video to audio high quality download
youtube to audio	youtube audio hamish macbeth
youtube to audio	youtube audio horror stories
youtube to audio	youtube to audio i
youtube to audio	youtube to iphone audio file
youtube to audio	youtube video to audio iphone
youtube to audio	youtube audio is not working
youtube to audio	youtube audio is out of sync
youtube to audio	youtube audio in download
youtube to audio	youtube audio in wav
youtube to audio	youtube audio in text
youtube to audio	youtube audio into video
youtube to audio	youtube to just audio
youtube to audio	youtube audio james bond
youtube to audio	youtube audio joiner
youtube to audio	youtube audio jeeves and wooster
youtube to audio	youtube audio jobs
youtube to audio	youtube audio jurassic park
youtube to audio	youtube audio jumping
youtube to audio	youtube audio james bond toby stephens
youtube to audio	youtube audio jungle
youtube to audio	youtube audio jane austen
youtube to audio	youtube audio to karaoke
youtube to audio	youtube link to audio kaise download kare
youtube to audio	youtube audio keeps cutting out
youtube to audio	youtube audio keeps cutting out android
youtube to audio	youtube audio keeps cutting out iphone
youtube to audio	youtube audio keeps desyncing
youtube to audio	youtube audio keeps stuttering
youtube to audio	youtube audio keeps going out of sync
youtube to audio	youtube audio keeps skipping
youtube to audio	youtube audio khz
youtube to audio	youtube to audio library
youtube to audio	youtube to audio listen online
youtube to audio	youtube to audio listen
youtube to audio	youtube audio to lyrics converter
youtube to audio	youtube audio to lyrics
youtube to audio	youtube video to audio listen
youtube to audio	youtube video to audio library download
youtube to audio	youtube to audio file link
youtube to audio	youtube video to audio library
youtube to audio	youtube to audio mp4 converter free
youtube to audio	youtube to audio mp3 convert download
youtube to audio	youtube to audio mp3 online
youtube to audio	youtube to audio mp4 player
youtube to audio	youtube to audio mp3 cutter
youtube to audio	youtube to audio m4a converter
youtube to audio	youtube to audio mp3 convertidor
youtube to audio	youtube to audio and trim
youtube to audio	youtube audio not working
youtube to audio	youtube audio not working on tv
youtube to audio	youtube audio not synced
youtube to audio	youtube audio normalization
youtube to audio	youtube audio not playing
youtube to audio	youtube audio not working android
youtube to audio	youtube audio not working in chrome
youtube to audio	youtube to audio only free
youtube to audio	youtube to audio ogg
youtube to audio	youtube to audio only download
youtube to audio	youtube to audio on iphone
youtube to audio	youtube to original audio
youtube to audio	youtube video to audio only
youtube to audio	youtube to audio player convert
youtube to audio	youtube to audio player online
youtube to audio	youtube to audio player download
youtube to audio	youtube to audio play
youtube to audio	youtube to audio podcast
youtube to audio	youtube to audio playlist
youtube to audio	youtube audio to phone download
youtube to audio	youtube video to audio play
youtube to audio	youtube to audio quality
youtube to audio	youtube to audio good quality
youtube to audio	youtube to audio high quality reddit
youtube to audio	youtube to audio low quality
youtube to audio	youtube audio quality settings
youtube to audio	youtube audio quality 720p vs 1080p
youtube to audio	youtube to audio ringtone
youtube to audio	youtube audio to ringtone converter
youtube to audio	youtube audio to ringtone online free
youtube to audio	youtube to roblox audio id
youtube to audio	youtube to roblox audio
youtube to audio	youtube link to audio recording
youtube to audio	youtube to mp3 audio recorder
youtube to audio	youtube video to audio ringtone
youtube to audio	youtube to audio site
youtube to audio	youtube to audio save
youtube to audio	youtube to audio service
youtube to audio	youtube to audio safe
youtube to audio	youtube to audio stream
youtube to audio	youtube to audio splitter
youtube to audio	youtube to shorts audio download
youtube to audio	youtube video to audio song download app
youtube to audio	youtube video to audio song convert
youtube to audio	youtube to audio transcript
youtube to audio	youtube to audio trimmer
youtube to audio	youtube to audio track
youtube to audio	youtube to audio trim
youtube to audio	youtube to audio translator
youtube to audio	youtube to audio telegram bot
youtube to audio	youtube to audio transfer
youtube to audio	youtube to audio turboscribe
youtube to audio	youtube to audio text
youtube to audio	youtube audio to text converter
youtube to audio	youtube to audio url
youtube to audio	youtube to uncompressed audio
youtube to audio	youtube audio upload
youtube to audio	youtube audio unavailable
youtube to audio	youtube audio unavailable on tv
youtube to audio	youtube audio url download
youtube to audio	youtube audio upload online
youtube to audio	youtube audio unsynced
youtube to audio	youtube audio upload format
youtube to audio	youtube audio university
youtube to audio	youtube to audio wav
youtube to audio	youtube to audio website
youtube to audio	youtube to audio wav converter
youtube to audio	youtube to audio wav download
youtube to audio	youtube to audio with trim
youtube to audio	youtube to webm audio
youtube to audio	youtube to waveform audio
youtube to audio	youtube video to audio wav
youtube to audio	youtube video to audio wav download
youtube to audio	youtube audio x
youtube to audio	youtube audio xbox
youtube to audio	youtube xbox audio glitch
youtube to audio	youtube xbox audio desync
youtube to audio	youtube on xbox no audio
youtube to audio	youtube choppy audio xbox
youtube to audio	youtube audio to logic pro x
youtube to audio	how to take sounds from youtube
youtube to audio	how to take audio from a youtube video
youtube to audio	youtube to audio yts
youtube to audio	youtube to audio download wav
youtube to audio	how to connect youtube audio to zoom
youtube to audio	youtube audio zu text
youtube to audio	youtube zu audio
youtube to audio	youtube zu audio konvertieren
youtube to audio	youtube zu audio datei
youtube to audio	youtube zu audio converter
youtube audio only	youtube audio only
youtube audio only	youtube audio only mode
youtube audio only	youtube audio only android
youtube audio only	youtube audio only download
youtube audio only	youtube audio only iphone
youtube audio only	youtube audio only extension
youtube audio only	youtube audio only download online
youtube audio only	youtube audio only app
youtube audio only	youtube audio only download free
youtube audio only	youtube audio only website
youtube audio only	youtube audio only android auto
youtube audio only	youtube audio only app android
youtube audio only	youtube audio only android mobile phone app
youtube audio only	youtube audio only addon
youtube audio only	youtube audio only apk
youtube audio only	youtube audio only ads
youtube audio only	youtube audio only android apk
youtube audio only	youtube audio only app iphone
youtube audio only	youtube audio only browser
youtube audio only	youtube audio only brave
youtube audio only	youtube audio only bandwidth
youtube audio only	youtube audio only black screen
youtube audio only	youtube dl audio only best quality
youtube audio only	youtube tv audio only black screen
youtube audio only	youtube music audio only browser
youtube audio only	youtube audio only save data & battery
youtube audio only	youtube but audio only
youtube audio only	youtube background audio only
youtube audio only	youtube audio only chrome extension
youtube audio only	youtube audio only chrome
youtube audio only	youtube audio only carplay
youtube audio only	youtube music audio only chrome
youtube audio only	youtube cast audio only
youtube audio only	youtube no video only audio chrome
youtube audio only	youtube audio only to watch video click the extension icon
youtube audio only	audio only youtube channel
youtube audio only	youtube com audio only
youtube audio only	best audio only youtube channels
youtube audio only	youtube audio only desktop
youtube audio only	youtube audio only data usage
youtube audio only	youtube music audio only desktop
youtube audio only	youtube audio only save data
youtube audio only	youtube audio only android download
youtube audio only	youtube audio only mode desktop
youtube audio only	youtube audio only extension edge
youtube audio only	youtube audio only extension firefox
youtube audio only	youtube audio only embed
youtube audio only	youtube audio only extension opera
youtube audio only	youtube audio only edge
youtube audio only	youtube audio only extension chrome
youtube audio only	youtube audio only extract
youtube audio only	youtube audio only extension reddit
youtube audio only	youtube music audio only extension
youtube audio only	youtube audio only firefox
youtube audio only	youtube audio only firefox extension
youtube audio only	download youtube audio only from link
youtube audio only	youtube podcasts audio only free
youtube audio only	audio only youtube music firefox
youtube audio only	youtube music audio only free
youtube audio only	download youtube audio file only
youtube audio only	audio only for youtube
youtube audio only	audio only for youtube tm
youtube audio only	audio only for youtube extension
youtube audio only	youtube audio only github
youtube audio only	greasyfork youtube audio only
youtube audio only	get youtube audio only
youtube audio only	youtube tv only getting audio
youtube audio only	how to use audio only youtube
youtube audio only	why can i only hear audio on youtube
youtube audio only	youtube audio only how to
youtube audio only	hear youtube audio only
youtube audio only	hisense youtube audio only
youtube audio only	youtube tv only has audio
youtube audio only	how download youtube audio only
youtube audio only	youtube tv only has audio no video
youtube audio only	youtube tv only hear audio
youtube audio only	how to play youtube audio only
youtube audio only	how to make youtube audio only
youtube audio only	how to watch youtube audio only
youtube audio only	youtube audio only ios
youtube audio only	youtube audio only in one ear
youtube audio only	youtube audio only iphone app
youtube audio only	play youtube audio only iphone
youtube audio only	youtube audio only app ios
youtube audio only	youtube premium audio only ios
youtube audio only	embed youtube audio only in powerpoint
youtube audio only	youtube audio only mode iphone
youtube audio only	youtube in audio only
youtube audio only	youtube kids audio only
youtube audio only	how to get audio only on youtube
youtube audio only	youtube audio only link
youtube audio only	youtube audio only live stream
youtube audio only	youtube audio only live
youtube audio only	listen youtube audio only
youtube audio only	youtube load audio only
youtube audio only	listen youtube audio only iphone
youtube audio only	listen to youtube audio only android
youtube audio only	does audio only youtube use less data
youtube audio only	youtube audio in left ear only
youtube audio only	youtube audio only music
youtube audio only	youtube audio only mode pc
youtube audio only	youtube audio only mobile
youtube audio only	youtube audio only mode extension
youtube audio only	youtube audio only mozilla
youtube audio only	youtube audio only mode android
youtube audio only	youtube premium audio only mode
youtube audio only	youtube audio only no video
youtube audio only	youtube audio only not working
youtube audio only	youtube audio only no video download
youtube audio only	youtube only audio no video android
youtube audio only	youtube only audio no video extension
youtube audio only	youtube only audio no video chrome
youtube audio only	youtube music audio only not available
youtube audio only	youtube tv audio only no picture
youtube audio only	youtube tv audio only no video
youtube audio only	youtube premium audio only not working
youtube audio only	youtube audio only online
youtube audio only	youtube audio only one side
youtube audio only	youtube audio only option
youtube audio only	youtube audio only on tv
youtube audio only	youtube audio only one ear
youtube audio only	youtube audio only on pc
youtube audio only	youtube audio only on iphone
youtube audio only	youtube audio only on android
youtube audio only	youtube audio only on android auto
youtube audio only	youtube audio only on mobile
youtube audio only	youtube audio only player
youtube audio only	youtube audio only pc
youtube audio only	youtube audio only player online
youtube audio only	youtube audio only podcast
youtube audio only	youtube-audio-only plugin
youtube audio only	youtube audio only premium
youtube audio only	youtube audio only playback
youtube audio only	youtube audio only phone
youtube audio only	youtube music audio only pc
youtube audio only	youtube audio only reddit
youtube audio only	youtube download audio only reddit android
youtube audio only	youtube music audio only reddit
youtube audio only	youtube audio only android reddit
youtube audio only	youtube record audio only
youtube audio only	youtube no video only audio roku
youtube audio only	roku youtube audio only
youtube audio only	youtube music vanced audio only
youtube audio only	youtube reel only audio download
youtube audio only	youtube audio only site
youtube audio only	youtube audio only stream
youtube audio only	youtube audio only screen off
youtube audio only	youtube audio only safari
youtube audio only	youtube audio only setting
youtube audio only	youtube audio only script
youtube audio only	youtube audio only tv
youtube audio only	youtube audio only to save data
youtube audio only	youtube audio track only
youtube audio only	youtube tv audio only mode
youtube audio only	youtube audio only upload
youtube audio only	youtube audio only url
youtube audio only	youtube audio only userscript
youtube audio only	youtube only use original audio
youtube audio only	how to use youtube audio only
youtube audio only	can i use youtube audio only
youtube audio only	youtube only use original audio track
youtube audio only	youtube audio only version
youtube audio only	youtube audio only videos
youtube audio only	youtube video audio only mode
youtube audio only	youtube audio only windows
youtube audio only	youtube music audio only web
youtube audio only	youtube tv only audio working
youtube audio only	watch youtube audio only
youtube audio only	youtube no video only audio windows 10
youtube audio only	youtube with audio only
youtube audio only	can you play youtube audio only
youtube audio only	can you make youtube audio only
youtube audio only	can you watch youtube audio only
youtube audio only	can you download youtube audio only
youtube audio only	can you stream youtube audio only
youtube audio only	can you do youtube audio only
youtube audio only	can you use youtube audio only
youtube to mp3 telegram bot	youtube to mp3 telegram bot
youtube to mp3 telegram bot	youtube to mp3 telegram bot free
youtube to mp3 telegram bot	youtube to mp3 telegram bot github
youtube to mp3 telegram bot	youtube video to mp3 telegram bot
youtube to mp3 telegram bot	youtube link to mp3 telegram bot
youtube to mp3 telegram bot	youtube mp4 to mp3 telegram bot
youtube to mp3 telegram bot	youtube music to mp3 telegram bot
youtube to mp3 telegram bot	youtube link to mp3 telegram bot free
youtube to mp3 telegram bot	youtube video to mp3 convert audio telegram bot
youtube to mp3 telegram bot	telegram bot get members
youtube to mp3 telegram bot	telegram bot price
youtube to mp3 telegram bot	best youtube to mp3 converter telegram bot
youtube to mp3 telegram bot	is telegram bot free
youtube to mp3 telegram bot	youtube to mp3 converter telegram bot github
youtube to mp3 telegram bot	youtube link to mp3 converter telegram bot free
youtube to mp3 telegram bot	how to convert telegram audio to mp3
youtube to mp3 telegram bot	youtube video mp3 download telegram bot github
youtube to mp3 telegram bot	telegram bot limit
youtube to mp3 telegram bot	telegram bot to convert youtube to mp3
youtube to mp3 telegram bot	youtube video to mp3 converter telegram bot free
youtube to mp3 telegram bot	youtube video to mp3 converter telegram bot github
youtube to mp3 telegram bot	best youtube video to mp3 converter telegram bot
youtube telegram bot	youtube telegram bot
youtube telegram bot	youtube telegram bot video
youtube telegram bot	youtube telegram bot free
youtube telegram bot	youtube telegram bot reddit
youtube telegram bot	youtube telegram bot github
youtube telegram bot	telegram youtube bot mp3
youtube telegram bot	youtube telegram channel
youtube telegram bot	youtube telegram channel subscribers increase free
youtube telegram bot	youtube telegram channel link
youtube telegram bot	youtube telegram channel promotion free
youtube telegram bot	telegram youtube audio bot
youtube telegram bot	youtube audio download telegram bot free
youtube telegram bot	youtube audio download telegram bot github
youtube telegram bot	bot telegram youtube a mp3
youtube telegram bot	youtube video to audio telegram bot
youtube telegram bot	youtube link to audio telegram bot
youtube telegram bot	youtube to audio converter telegram bot
youtube telegram bot	youtube video audio download telegram bot github
youtube telegram bot	best youtube telegram bot
youtube telegram bot	best youtube downloader telegram bot github
youtube telegram bot	what does bot mean on telegram
youtube telegram bot	telegram youtube converter bot
youtube telegram bot	telegram bot convert youtube video to mp3
youtube telegram bot	telegram bot convert youtube to mp3
youtube telegram bot	youtube cutter telegram bot
youtube telegram bot	youtube video converter telegram bot
youtube telegram bot	youtube mp3 converter telegram bot free
youtube telegram bot	telegram bot to convert youtube video to audio
youtube telegram bot	telegram youtube downloader bot github
youtube telegram bot	telegram youtube downloader bot free
youtube telegram bot	telegram youtube dl bot
youtube telegram bot	telegram youtube audio downloader bot
youtube telegram bot	telegram youtube music download bot
youtube telegram bot	youtube downloader telegram bot python
youtube telegram bot	telegram youtube playlist download bot
youtube telegram bot	youtube mp3 telegram bot free
youtube telegram bot	youtube views telegram bot free
youtube telegram bot	youtube music download telegram bot free
youtube telegram bot	telegram bot for youtube music download
youtube telegram bot	youtube downloader telegram bot github
youtube telegram bot	youtube channel telegram group
youtube telegram bot	youtube video downloader telegram bot github
youtube telegram bot	youtube playlist downloader telegram bot github
youtube telegram bot	youtube music downloader telegram bot github
youtube telegram bot	youtube bot in telegram
youtube telegram bot	youtube views increase telegram bot
youtube telegram bot	telegram bot to increase youtube subscribers
youtube telegram bot	telegram bot not working
youtube telegram bot	check telegram bot status
youtube telegram bot	how do i create a bot on telegram
youtube telegram bot	telegram youtube link bot
youtube telegram bot	youtube like bot telegram
youtube telegram bot	youtube live downloader telegram bot
youtube telegram bot	youtube link to video telegram bot
youtube telegram bot	youtube link to file telegram bot
youtube telegram bot	youtube link to music telegram bot
youtube telegram bot	telegram youtube music bot
youtube telegram bot	telegram bot youtube music downloader
youtube telegram bot	youtube monetization telegram bot
youtube telegram bot	youtube music telegram bot reddit
youtube telegram bot	youtube to mo3 telegram bot
youtube telegram bot	telegram youtube notification bot
youtube telegram bot	youtube downloader bot telegram not working
youtube telegram bot	youtube bot on telegram
youtube telegram bot	youtube members only video telegram bot
youtube telegram bot	what does bot do in telegram
youtube telegram bot	telegram youtube channel promotion
youtube telegram bot	telegram youtube playlist bot
youtube telegram bot	telegram youtube player bot
youtube telegram bot	youtube music playlist downloader telegram bot
youtube telegram bot	python telegram bot youtube
youtube telegram bot	youtube video download telegram bot reddit
youtube telegram bot	telegram youtube channel subscribe group
youtube telegram bot	telegram youtube channel subscribe
youtube telegram bot	telegram youtube search bot
youtube telegram bot	telegram youtube subscribe bot
youtube telegram bot	youtube saver telegram bot
youtube telegram bot	youtube shorts telegram bot
youtube telegram bot	youtube summarizer telegram bot
youtube telegram bot	youtube song telegram bot
youtube telegram bot	youtube song download telegram bot
youtube telegram bot	youtube to telegram bot
youtube telegram bot	youtube transcript telegram bot
youtube telegram bot	telegram bot youtube to audio
youtube telegram bot	youtube trimmer telegram bot
youtube telegram bot	telegram bot to download youtube music
youtube telegram bot	youtube to wav telegram bot
youtube telegram bot	youtube to video telegram bot
youtube telegram bot	telegram bot youtube video to mp3
youtube telegram bot	youtube uploader telegram bot
youtube telegram bot	bot telegram unduh video youtube
youtube telegram bot	telegram youtube views bot
youtube telegram bot	save video youtube telegram bot
youtube telegram bot	telegram bot for youtube watch time
youtube telegram bot	telegram bot to watch youtube
youtube transcript	youtube transcript
youtube transcript	youtube transcript generator
youtube transcript	youtube transcript extractor
youtube transcript	youtube transcript download
youtube transcript	youtube transcript generator free
youtube transcript	youtube transcript ai
youtube transcript	youtube transcript search
youtube transcript	youtube transcript free
youtube transcript	youtube transcript api
youtube transcript	youtube transcript io
youtube transcript	youtube transcript ai summary
youtube transcript	youtube transcript ai free
youtube transcript	youtube transcript app
youtube transcript	youtube transcript ai generator
youtube transcript	youtube transcript api python
youtube transcript	youtube transcript api free
youtube transcript	youtube transcript api rate limit
youtube transcript	youtube transcript ai skill
youtube transcript	youtube transcript button
youtube transcript	youtube transcript browser extension
youtube transcript	youtube transcript bulk download
youtube transcript	youtube transcript bulk
youtube transcript	youtube transcript by link
youtube transcript	youtube transcript bangla
youtube transcript	youtube transcript bengali
youtube transcript	youtube transcript bangla free
youtube transcript	youtube transcript best
youtube transcript	what is youtube transcript
youtube transcript	youtube transcript copy paste
youtube transcript	youtube transcript copy
youtube transcript	youtube transcript converter
youtube transcript	youtube transcript chrome extension
youtube transcript	youtube transcript copier
youtube transcript	youtube transcript creator
youtube transcript	youtube transcript chrome extension free
youtube transcript	youtube transcript claude skill
youtube transcript	youtube transcript chrome
youtube transcript	youtube transcript cli
youtube transcript	youtube transcript download free
youtube transcript	youtube transcript downloader extension
youtube transcript	youtube transcript downloader chrome extension
youtube transcript	youtube transcript downloader online
youtube transcript	youtube transcript download pdf
youtube transcript	youtube transcript dev
youtube transcript	youtube transcript description
youtube transcript	youtube transcript database
youtube transcript	youtube transcript download github
youtube transcript	youtube transcript extension
youtube transcript	youtube transcript extractor free
youtube transcript	youtube transcript extract
youtube transcript	youtube transcript exporter
youtube transcript	youtube transcript extractor extension
youtube transcript	youtube transcript extension chrome
youtube transcript	youtube transcript extension firefox
youtube transcript	youtube transcript extractor chrome extension
youtube transcript	youtube transcript english
youtube transcript	youtube transcript finder
youtube transcript	youtube transcript from link
youtube transcript	youtube transcript from url
youtube transcript	youtube transcript feature
youtube transcript	youtube transcript from video
youtube transcript	youtube transcript free online
youtube transcript	youtube transcript fetcher
youtube transcript	youtube transcript free no sign up
youtube transcript	youtube transcript for age restricted videos
youtube transcript	youtube transcript grabber
youtube transcript	youtube transcript generator ai
youtube transcript	youtube transcript getter
youtube transcript	youtube transcript generator no captions
youtube transcript	youtube transcript generator with timestamp
youtube transcript	youtube transcript generator reddit
youtube transcript	youtube transcript gen
youtube transcript	youtube transcript generator extension
youtube transcript	youtube transcript how to
youtube transcript	youtube transcript how to see
youtube transcript	youtube transcript how to get
youtube transcript	youtube transcript hindi
youtube transcript	youtube transcript hindi to english
youtube transcript	youtube transcript how to copy
youtube transcript	youtube transcript hindi free
youtube transcript	youtube transcript hinglish
youtube transcript	youtube transcript hindi language
youtube transcript	youtube transcript hebrew
youtube transcript	youtube transcript is not working
youtube transcript	youtube transcript io free
youtube transcript	youtube transcript in hindi
youtube transcript	youtube transcript in english
youtube transcript	youtube transcript indonesia
youtube transcript	youtube transcript in urdu
youtube transcript	youtube transcript into text
youtube transcript	youtube transcript in original language
youtube transcript	youtube transcript in bengali
youtube transcript	youtube transcript job
youtube transcript	youtube transcript japanese
youtube transcript	youtube transcript js
youtube transcript	youtube transcript javascript
youtube transcript	youtube transcript json
youtube transcript	youtube transcription jobs work from home
youtube transcript	youtube transcript api javascript
youtube transcript	youtube transcript api js
youtube transcript	youtube transcript generator japanese
youtube transcript	youtube video transcript japanese
youtube transcript	youtube transcript kome ai
youtube transcript	youtube transcript ko copy kaise kare
youtube transcript	youtube transcript kome
youtube transcript	youtube transcript kannada
youtube transcript	youtube transcript korean
youtube transcript	youtube transcript kya hota hai
youtube transcript	youtube transcript kannada language
youtube transcript	youtube transcript keyboard shortcut
youtube transcript	youtube transcript keyword search
youtube transcript	youtube transcript key
youtube transcript	youtube transcript lookup
youtube transcript	youtube transcript link
youtube transcript	youtube transcript language change
youtube transcript	youtube transcript long video
youtube transcript	youtube transcript lyrics
youtube transcript	youtube transcript language
youtube transcript	youtube transcript loader
youtube transcript	youtube transcript live
youtube transcript	youtube transcript loading
youtube transcript	youtube transcript live stream
youtube transcript	youtube transcript maker
youtube transcript	youtube transcript mcp
youtube transcript	youtube transcript mobile
youtube transcript	youtube transcript mcp server
youtube transcript	youtube transcript mcp for claude
youtube transcript	youtube transcript myanmar
youtube transcript	youtube transcript meaning
youtube transcript	youtube transcript mod apk
youtube transcript	youtube transcript malayalam
youtube transcript	youtube transcript marathi
youtube transcript	youtube transcript not showing
youtube transcript	youtube transcript not working
youtube transcript	youtube transcript not loading
youtube transcript	youtube transcript no subtitles
youtube transcript	youtube transcript notegpt
youtube transcript	youtube transcript notes
youtube transcript	youtube transcript no cc
youtube transcript	youtube transcript no timestamps
youtube transcript	youtube transcript no sign up
youtube transcript	youtube transcript not available
youtube transcript	youtube transcript online
youtube transcript	youtube transcript on mobile
youtube transcript	youtube transcript optimizer
youtube transcript	youtube transcript online free
youtube transcript	youtube transcript of video
youtube transcript	youtube transcript odia
youtube transcript	youtube transcript oi
youtube transcript	youtube transcript open source
youtube transcript	youtube transcript original language
youtube transcript	youtube transcript official
youtube transcript	youtube transcript puller
youtube transcript	youtube transcript plugin
youtube transcript	youtube transcript pull
youtube transcript	youtube transcript python
youtube transcript	youtube transcript pro
youtube transcript	youtube transcript pdf
youtube transcript	youtube transcript playlist
youtube transcript	youtube transcript pdf download
youtube transcript	youtube transcript prompt
youtube transcript	youtube transcript panel
youtube transcript	youtube transcript que es
youtube transcript	transcript – youtube q&a generator
youtube transcript	q youtube transcript
youtube transcript	quick youtube transcript
youtube transcript	how do you get transcripts on youtube
youtube transcript	how to transcript on youtube
youtube transcript	how to get youtube transcript on iphone
youtube transcript	youtube transcript reddit
youtube transcript	youtube transcript reader
youtube transcript	youtube transcript ripper
youtube transcript	youtube transcript remove timestamp
youtube transcript	youtube transcript read youtube videos
youtube transcript	youtube transcript read
youtube transcript	youtube transcript retriever
youtube transcript	youtube transcript read videos and take notes
youtube transcript	youtube transcript rapidapi
youtube transcript	youtube transcript russian
youtube transcript	youtube transcript searcher
youtube transcript	youtube transcript summarizer
youtube transcript	youtube transcript scraper
youtube transcript	youtube transcript skill
youtube transcript	youtube transcript site
youtube transcript	youtube transcript shortcut
youtube transcript	youtube transcript summary
youtube transcript	youtube transcript search not working
youtube transcript	youtube transcript skill claude
youtube transcript	youtube transcript to text
youtube transcript	youtube transcript tool
youtube transcript	youtube transcript to pdf
youtube transcript	youtube transcript translator
youtube transcript	youtube transcript timestamp remover
youtube transcript	youtube transcript tactiq
youtube transcript	youtube transcript transcriber
youtube transcript	youtube transcript to text free
youtube transcript	youtube transcript timestamp
youtube transcript	youtube transcript to notes
youtube transcript	youtube transcript urdu
youtube transcript	youtube transcript url
youtube transcript	youtube transcript unlimited
youtube transcript	youtube transcript urdu free
youtube transcript	youtube transcript update
youtube transcript	youtube transcript unlisted video
youtube transcript	youtube transcript upload
youtube transcript	youtube transcript unlimited free
youtube transcript	youtube transcript unavailable
youtube transcript	youtube transcript using python
youtube transcript	youtube transcript video
youtube transcript	youtube transcript viewer
youtube transcript	youtube transcript video to text
youtube transcript	youtube transcript video generator
youtube transcript	youtube transcript video download
youtube transcript	youtube transcript video to text free
youtube transcript	youtube transcript view
youtube transcript	youtube transcript video free
youtube transcript	youtube transcript vom
youtube transcript	youtube transcript video ai
youtube transcript	youtube transcript with timestamps
youtube transcript	youtube transcript website
youtube transcript	youtube transcript without timestamp
youtube transcript	youtube transcript without captions
youtube transcript	youtube transcript where to find
youtube transcript	youtube transcript without subtitles
youtube transcript	youtube transcript where
youtube transcript	youtube transcript with speaker identification
youtube transcript	youtube transcript without cc
youtube transcript	youtube transcript won't load
youtube transcript	youtube transcript xom
youtube transcript	youtube transcript xyz
youtube transcript	youtube video transcript x
youtube transcript	youtube to transcript x
youtube transcript	notegpt youtube transcript x
youtube transcript	how to transcript in youtube
youtube transcript	how to check youtube transcript
youtube transcript	youtube transcript youtube
youtube transcript	youtube transcript youtubetranscript com
youtube transcript	youtube transcript yt
youtube transcript	youtube transcript you
youtube transcript	youtube to transcript youtubetotranscript com
youtube transcript	youtube transcript youtube video
youtube transcript	youtube transcript youtube to text
youtube transcript	youmind youtube transcript generator
youtube transcript	youtube youtube transcript generator
youtube transcript	youtube z script
youtube transcript	zapier youtube transcript
youtube transcript	transcript z youtube
youtube transcript	youtube zu transcript
youtube transcript	zeemo youtube transcript
youtube transcript	how to get youtube transcript
youtube video to text	youtube video to text
youtube video to text	youtube video to text converter online free
youtube video to text	youtube video to text converter
youtube video to text	youtube video to text transcription free
youtube video to text	youtube video to text transcript
youtube video to text	youtube video to text free
youtube video to text	youtube video to text converter free
youtube video to text	youtube video to text generator
youtube video to text	youtube video to text summary
youtube video to text	youtube video to text converter ai
youtube video to text	youtube video to text ai
youtube video to text	youtube video to text ai free
youtube video to text	youtube video to text any language
youtube video to text	youtube video to text ai free online
youtube video to text	youtube video to text arabic
youtube video to text	youtube video to text ai tool
youtube video to text	youtube video to text ai converter
youtube video to text	youtube video to text api
youtube video to text	youtube video to text armenian
youtube video to text	youtube video to text app
youtube video to text	youtube video to text bangla
youtube video to text	youtube video to text by link
youtube video to text	youtube video to text bangla online free
youtube video to text	youtube video to text bengali
youtube video to text	youtube video to text by ai
youtube video to text	youtube video to bangla text converter
youtube video to text	youtube video to bengali text converter online free
youtube video to text	transcript youtube video to text bangla
youtube video to text	convert youtube video to text by google ai
youtube video to text	youtube video to text converter bangla free
youtube video to text	youtube video to text converter hindi
youtube video to text	youtube video to text converter online free without login
youtube video to text	youtube video to text converter online
youtube video to text	youtube video to text converter bangla
youtube video to text	youtube video to text converter in english
youtube video to text	youtube video to text converter ai free
youtube video to text	youtube video to text download
youtube video to text	youtube video to text download free
youtube video to text	youtube video to text description
youtube video to text	youtube video to text document
youtube video to text	youtube video to text converter download
youtube video to text	youtube video link to text download
youtube video to text	convert youtube video to text document
youtube video to text	youtube video text detector
youtube video to text	youtube video to text transcription free download
youtube video to text	youtube video to text converter free download
youtube video to text	youtube video to text extractor
youtube video to text	youtube video to text extension
youtube video to text	youtube video to text extract
youtube video to text	youtube video to text english
youtube video to text	youtube video to text explanation
youtube video to text	youtube video to text elevenlabs
youtube video to text	youtube video to text explanation ai
youtube video to text	youtube video to english text converter
youtube video to text	youtube video to english text converter online free
youtube video to text	youtube video to english text transcription free
youtube video to text	youtube video to text free no sign up
youtube video to text	youtube video to text free online
youtube video to text	youtube video to text free converter
youtube video to text	youtube video to text file
youtube video to text	youtube video to text format
youtube video to text	youtube video to text free ai
youtube video to text	youtube video to text filipino
youtube video to text	youtube video to text french
youtube video to text	youtube video to text for ai
youtube video to text	youtube video to text generator free
youtube video to text	youtube video to text github
youtube video to text	youtube video to text generator ai
youtube video to text	youtube video to text generator online free
youtube video to text	youtube video to text gemini
youtube video to text	youtube video to text german
youtube video to text	youtube video to text gpt
youtube video to text	youtube video to.text gujarati
youtube video to text	youtube video to gujarati text converter
youtube video to text	youtube video to text hindi
youtube video to text	youtube video to text hindi free
youtube video to text	youtube video to hindi text converter online free
youtube video to text	youtube video to hindi text converter
youtube video to text	youtube video to hindi text transcription free
youtube video to text	transcript youtube video to text hindi
youtube video to text	youtube video to text converter hindi free
youtube video to text	youtube video link to hindi text converter
youtube video to text	youtube video to text converter ai hindi
youtube video to text	translate youtube video to hindi text
youtube video to text	youtube video to text in english
youtube video to text	youtube video to text in hindi
youtube video to text	youtube video to text in urdu
youtube video to text	youtube video to text in tamil
youtube video to text	youtube video to text in bangla
youtube video to text	youtube video to text in arabic
youtube video to text	transcript youtube video to text indonesia
youtube video to text	youtube video to text converter in hindi
youtube video to text	transcribe youtube video to text in hindi
youtube video to text	youtube video to text japanese
youtube video to text	transcribe youtube video to text job
youtube video to text	video youtube jadi teks
youtube video to text	how to text a youtube video
youtube video to text	how to translate youtube video to text
youtube video to text	how to turn youtube video to text
youtube video to text	youtube video to kannada text converter
youtube video to text	youtube video to kannada text converter online free
youtube video to text	youtube video ko text mein kaise convert karen
youtube video to text	youtube video ko text me kaise convert kare
youtube video to text	youtube video ka text kaise nikale
youtube video to text	youtube video me text kaise lagaye
youtube video to text	youtube video ka text copy
youtube video to text	youtube video ko text mein convert
youtube video to text	youtube video zu text kostenlos
youtube video to text	youtube video to text lyrics
youtube video to text	youtube video to text llm
youtube video to text	youtube video to text link
youtube video to text	youtube video to text without login
youtube video to text	transcribe youtube video to text link
youtube video to text	youtube video to text converter via link
youtube video to text	youtube video to text converter without login
youtube video to text	youtube video link text generator
youtube video to text	youtube video link text copy
youtube video to text	youtube video to text malayalam
youtube video to text	youtube video to text marathi
youtube video to text	youtube video to text message
youtube video to text	youtube video to text maker
youtube video to text	youtube video to text me
youtube video to text	youtube video to malayalam text converter
youtube video to text	youtube video to marathi text converter
youtube video to text	youtube video to malayalam text converter online free
youtube video to text	youtube video to marathi text converter online free
youtube video to text	youtube video to text converter mp3
youtube video to text	youtube video to text notes
youtube video to text	youtube video to text notes converter
youtube video to text	youtube video to text notegpt
youtube video to text	youtube video to text notes ai
youtube video to text	youtube video to text no sign up
youtube video to text	youtube video to text notes free
youtube video to text	transcribe youtube video to text no sign up
youtube video to text	youtube video to text converter no sign up
youtube video to text	youtube video to text transcription free no sign up
youtube video to text	youtube video to text online free
youtube video to text	youtube video to text online
youtube video to text	youtube video to text online converter
youtube video to text	transcript youtube video to text online free
youtube video to text	youtube video subtitles to text online
youtube video to text	transcribe youtube video to text online
youtube video to text	translate youtube video to text online free
youtube video to text	youtube video to text converter online free ai
youtube video to text	youtube video to text pdf converter online free
youtube video to text	youtube video to text pdf converter
youtube video to text	youtube video to text pdf
youtube video to text	youtube video to text prompt
youtube video to text	youtube video to text python
youtube video to text	youtube video to text plugin
youtube video to text	youtube video to text converter punjabi
youtube video to text	transcribe youtube video to text pdf
youtube video to text	transcribe youtube video to text python
youtube video to text	parse youtube video to text
youtube video to text	youtube video to text reddit
youtube video to text	youtube video to text resume
youtube video to text	youtube video to text russian
youtube video to text	transcribe youtube video to text reddit
youtube video to text	youtube video to text converter reddit
youtube video to text	youtube video to text free reddit
youtube video to text	youtube video text remover
youtube video to text	youtube video text remover free
youtube video to text	youtube video text reader
youtube video to text	youtube video text remover online free
youtube video to text	youtube video to text script
youtube video to text	youtube video to text summarizer
youtube video to text	youtube video to text summary ai
youtube video to text	youtube video to text script converter
youtube video to text	youtube video to text sinhala
youtube video to text	youtube video to text script generator
youtube video to text	youtube video to text summary ai free
youtube video to text	youtube video to text subtitle
youtube video to text	youtube video to text summary converter online free
youtube video to text	youtube video to text transcribe
youtube video to text	youtube video to text transcription free online
youtube video to text	youtube video to text translation
youtube video to text	youtube video to text tagalog
youtube video to text	youtube video to text transcription free hindi
youtube video to text	youtube video to text tamil
youtube video to text	youtube video to text urdu
youtube video to text	youtube video to text using ai
youtube video to text	youtube video to urdu text converter online free
youtube video to text	youtube video to urdu text converter
youtube video to text	transcribe youtube video to text urdu
youtube video to text	transcribe youtube video to text using link
youtube video to text	convert youtube video to text using ai
youtube video to text	youtube video to text transcription free urdu
youtube video to text	youtube video link to urdu text converter
youtube video to text	youtube video to text vizard
youtube video to text	youtube video text to voice
youtube video to text	transcribe youtube video to text vizard
youtube video to text	youtube video to text video
youtube video to text	youtube video viral text
youtube video to text	youtube video voice text download
youtube video to text	youtube video voice to text converter
youtube video to text	youtube video voice to text converter online free
youtube video to text	youtube video voice to text converter online
youtube video to text	youtube video to text without subtitles
youtube video to text	youtube video to text with timestamp
youtube video to text	youtube video to text website
youtube video to text	youtube video to text with ai
youtube video to text	youtube video to text without time stamp
youtube video to text	youtube video to written text
youtube video to text	youtube video to word text
youtube video to text	youtube video to written text ai
youtube video to text	transcribe youtube video to text without subtitles
youtube video to text	can you convert youtube video to text
youtube video to text	can you transcribe a youtube video to text
youtube video to text	youtube video zu text
youtube video to text	youtube video als text zusammenfassen
youtube video to text	youtube video zu text umwandeln
youtube video to text	youtube video zu text ai
youtube video to text	youtube video zu text transkribieren
youtube video to text	youtube video im text zitieren
youtube video to text	youtube video zu text ki
youtube video to text	youtube video in text zusammenfassen
get transcript of youtube video	get transcript of youtube video
get transcript of youtube video	get transcript of youtube video free
get transcript of youtube video	get transcript of youtube video in english
get transcript of youtube video	get transcript of youtube video online
get transcript of youtube video	get transcript of youtube video online free
get transcript of youtube video	get transcript of youtube video without captions
get transcript of youtube video	get transcript of youtube video ai
get transcript of youtube video	get transcript of youtube video api
get transcript of youtube video	get transcript of youtube video extension
get transcript of youtube video	get transcript of youtube video with timestamps
get transcript of youtube video	get transcript of youtube video for free
get transcript of youtube video	get transcript of youtube video with link
get transcript of youtube video	download transcript of youtube video for free
get transcript of youtube video	how to get transcript of youtube video app
get transcript of youtube video	get transcript of a youtube video
get transcript of youtube video	get transcript of any youtube video
get transcript of youtube video	get transcript of a youtube video online
get transcript of youtube video	get audio transcript of youtube video
get transcript of youtube video	transcript of youtube video by link
get transcript of youtube video	best way to get transcript of youtube video
get transcript of youtube video	how to get transcript of youtube video
get transcript of youtube video	can you get a transcript of a youtube video
get transcript of youtube video	how to get transcript of youtube video on phone
get transcript of youtube video	get complete transcript of youtube video
get transcript of youtube video	can i get transcript of youtube video
get transcript of youtube video	how to get transcript of youtube video with chatgpt
get transcript of youtube video	chrome extension to get transcript of youtube video
get transcript of youtube video	how to get transcript of youtube video and copy it
get transcript of youtube video	get transcript of youtube video download
get transcript of youtube video	how do i get transcript of youtube video
get transcript of youtube video	how to get transcript of youtube video that doesn t have transcript
get transcript of youtube video	how to download video transcript from youtube
get transcript of youtube video	get transcript of youtube video link
get transcript of youtube video	get transcript of youtube video short
get transcript of youtube video	get transcript of youtube video free online
get transcript of youtube video	get transcript of youtube video from link
get transcript of youtube video	download transcript of youtube video free
get transcript of youtube video	download transcript of youtube video online free
get transcript of youtube video	get full transcript of youtube video
get transcript of youtube video	get full transcript of youtube video free
get transcript of youtube video	transcript of youtube video free
get transcript of youtube video	transcript of youtube video free online
get transcript of youtube video	transcript of youtube video from link
get transcript of youtube video	get transcript of youtube video github
get transcript of youtube video	transcript of youtube video generator
get transcript of youtube video	transcript of youtube video generator free
get transcript of youtube video	can gemini get transcript of youtube video
get transcript of youtube video	can you get a transcript from a youtube video
get transcript of youtube video	download transcript of youtube video hindi
get transcript of youtube video	how get transcript of youtube video
get transcript of youtube video	transcript of youtube video hindi
get transcript of youtube video	transcript of youtube video how
get transcript of youtube video	how to get transcript of youtube video if not available
get transcript of youtube video	how to get transcript of youtube video without captions
get transcript of youtube video	how to get transcript of youtube video free
get transcript of youtube video	how to get transcript of youtube video without timestamp
get transcript of youtube video	how to get transcript of youtube video without subtitles
get transcript of youtube video	how to get transcript of youtube video iphone
get transcript of youtube video	how to get transcript of youtube video in app
get transcript of youtube video	transcript of youtube video in english
get transcript of youtube video	transcript of youtube video in urdu
get transcript of youtube video	transcript of youtube video in hindi
get transcript of youtube video	how to get transcript of youtube video keyboard shortcut
get transcript of youtube video	get transcript of youtube live video
get transcript of youtube video	transcript of youtube video link
get transcript of youtube video	download transcript from youtube video link
get transcript of youtube video	get text from youtube video link
get transcript of youtube video	how to get transcript of youtube video on iphone
get transcript of youtube video	how to get transcript of youtube video on mobile
get transcript of youtube video	how to get transcript of youtube video on ipad
get transcript of youtube video	how to get transcript of youtube video on mac
get transcript of youtube video	how to get transcript of youtube video mobile
get transcript of youtube video	get transcript of my youtube video
get transcript of youtube video	transcript of youtube video meaning
get transcript of youtube video	download transcript of youtube video online
get transcript of youtube video	download transcript of youtube video in english
get transcript of youtube video	download transcript of youtube video with timestamp
get transcript of youtube video	get transcript of youtube video python
get transcript of youtube video	download transcript of youtube video playlist
get transcript of youtube video	how to get transcript of youtube video on pc
get transcript of youtube video	is it possible to get transcript of youtube video
get transcript of youtube video	how to get pdf transcript of youtube video
get transcript of youtube video	get transcript of youtube video reddit
get transcript of youtube video	transcript of youtube video reddit
get transcript of youtube video	how to get a transcript of a video on youtube
get transcript of youtube video	how to get transcript of youtube video subtitles
get transcript of youtube video	transcript of youtube video subtitles
get transcript of youtube video	get text summary of youtube video
get transcript of youtube video	download transcript of youtube video without timestamp
get transcript of youtube video	get the transcript of youtube video
get transcript of youtube video	get text transcript of youtube video
get transcript of youtube video	ai to get transcript of youtube video
get transcript of youtube video	website to get transcript of youtube video
get transcript of youtube video	tool to get transcript of youtube video
get transcript of youtube video	how to get transcript of youtube video using ai
get transcript of youtube video	how to get transcript of youtube video unlisted
get transcript of youtube video	get transcript from youtube video url
get transcript of youtube video	transcript of youtube video urdu
get transcript of youtube video	can u get transcript of youtube video
get transcript of youtube video	get video transcript of youtube video
get transcript of youtube video	how to get transcript of youtube video website
get transcript of youtube video	get whole transcript of youtube video
get transcript of youtube video	can you get transcript of youtube video
get transcript of youtube video	how to get transcript of youtube video in youtube
get transcript of youtube video	how do you get transcript of youtube video
youtube podcast offline	youtube podcast offline
youtube podcast offline	youtube podcast offline hören
youtube podcast offline	how to listen to youtube offline
youtube podcast offline	can you listen to youtube offline
youtube podcast offline	can you start a podcast on youtube
youtube podcast offline	how to start a podcast on youtube
youtube podcast offline	how to watch live podcast on youtube
youtube podcast offline	how to listen to podcasts offline
youtube podcast offline	can you listen to podcasts offline
listen to youtube offline	listen to youtube offline
listen to youtube offline	listen to youtube offline free
listen to youtube offline	listen to youtube offline iphone
listen to youtube offline	listen to youtube offline app
listen to youtube offline	listen to youtube music offline
listen to youtube offline	listen to youtube playlist offline
listen to youtube offline	listen to youtube music offline for free
listen to youtube offline	listen to youtube videos offline
listen to youtube offline	listen to youtube songs offline
listen to youtube offline	listen to youtube music offline app
listen to youtube offline	listen to youtube video as podcast
listen to youtube offline	listen to youtube video as audio
listen to youtube offline	listen to youtube video audio only
listen to youtube offline	listen to youtube video android auto
listen to youtube offline	listen to youtube video without ads
listen to youtube offline	listen to.youtube. video.on apple watch
listen to youtube offline	listen to youtube video no ads
listen to youtube offline	app to listen to youtube videos offline
listen to youtube offline	listen to youtube video backwards
listen to youtube offline	can you listen to youtube music offline
listen to youtube offline	how do you listen to youtube music offline
listen to youtube offline	can you listen to youtube offline with premium
listen to youtube offline	can listen to youtube music offline
listen to youtube offline	can you listen to youtube music offline without premium
listen to youtube offline	can you listen to youtube music offline with premium
listen to youtube offline	can i listen to youtube premium offline
listen to youtube offline	can you listen to youtube music offline for free
listen to youtube offline	can you listen to youtube downloads offline
listen to youtube offline	can you listen to youtube playlist offline
listen to youtube offline	listen to youtube video download
listen to youtube offline	how to listen to youtube downloads offline
listen to youtube offline	can you listen to youtube music downloads offline
listen to youtube offline	how do i listen to youtube offline
listen to youtube offline	how do i listen to youtube music offline
listen to youtube offline	can you listen to music offline on youtube
listen to youtube offline	listen to youtube video in english
listen to youtube offline	listen to youtube music offline free
listen to youtube offline	how to listen to youtube music offline for free on iphone
listen to youtube offline	how to listen to youtube music offline for free android
listen to youtube offline	how to listen to music from youtube offline
listen to youtube offline	apps to listen to music offline free youtube
listen to youtube offline	how to listen to youtube offline without premium
listen to youtube offline	how to listen to youtube offline on iphone
listen to youtube offline	how to listen to youtube offline for free
listen to youtube offline	how to listen offline youtube music
listen to youtube offline	how to listen to youtube video offline
listen to youtube offline	listen to youtube video in youtube music
listen to youtube offline	listen youtube video in hindi
listen to youtube offline	how to listen youtube video in other languages
listen to youtube offline	how to listen youtube video in original.language
listen to youtube offline	how to listen youtube video in loop
listen to youtube offline	listen to youtube video on loop
listen to youtube offline	listen to youtube video with phone locked
listen to youtube offline	how to listen to youtube playlist offline
listen to youtube offline	how to listen to youtube music offline without premium
listen to youtube offline	can i listen to youtube music offline with premium
listen to youtube offline	listen to youtube no video
listen to youtube offline	can you listen to youtube music without internet
listen to youtube offline	listen to youtube video on repeat
listen to youtube offline	listen to youtube video online
listen to youtube offline	listen to youtube video on youtube music
listen to youtube offline	listen to youtube video with screen off
listen to youtube offline	listen to youtube video with phone off
listen to youtube offline	how to listen to youtube video on spotify
listen to youtube offline	can you listen to youtube premium offline
listen to youtube offline	how to listen to youtube premium offline
listen to youtube offline	how to listen to youtube podcast offline
listen to youtube offline	can you listen to youtube podcasts offline
listen to youtube offline	how to listen to youtube music offline without premium reddit
listen to youtube offline	listen to youtube video with screen off android
listen to youtube offline	app to listen to youtube offline
listen to youtube offline	how to listen to offline youtube music
listen to youtube offline	how to listen to youtube music offline for free
listen to youtube offline	can u listen to youtube offline
listen to youtube offline	can u listen to youtube music offline
listen to youtube offline	can u listen to youtube music offline for free
listen to youtube offline	can you listen to youtube videos offline
listen to youtube offline	can i listen to youtube videos offline
listen to youtube offline	can i listen to downloaded youtube videos offline
listen to youtube offline	how can i watch videos offline on youtube
listen to youtube offline	listen to youtube without video
listen to youtube offline	how to listen to youtube while offline
listen to youtube offline	can i listen to youtube video with screen off
listen to youtube offline	can you listen to youtube music offline on apple watch
youtube lectures audio	youtube lecture audio
youtube lectures audio	what audio level for youtube
youtube lectures audio	can i use youtube audio library for my youtube video
youtube lectures audio	how to record lectures for youtube
youtube lectures audio	how does youtube audio library work
youtube lectures audio	youtube baha'i talks and audiobooks
youtube lectures audio	what is youtube audio library
youtube lectures audio	how to get audio on youtube
youtube lectures audio	youtube audio requirements
youtube audiobook	youtube audiobooks
youtube audiobook	youtube audiobooks free
youtube audiobook	youtube audiobooks romance
youtube audiobook	youtube audiobooks kids
youtube audiobook	youtube audiobooks mysteries
youtube audiobook	youtube audiobooks free download
youtube audiobook	youtube audiobooks full length
youtube audiobook	youtube audiobooks agatha christie
youtube audiobook	youtube audiobooks free romance
youtube audiobook	youtube audiobooks sherlock holmes
youtube audiobook	youtube audiobook agatha christie
youtube audiobook	youtube audiobook anne of green gables
youtube audiobook	youtube audiobook agatha christie hugh fraser
youtube audiobook	youtube audiobook agatha raisin
youtube audiobook	youtube audiobook atomic habits
youtube audiobook	youtube audiobook a christmas carol
youtube audiobook	youtube audiobook ann cleeves
youtube audiobook	youtube audiobook alice in wonderland
youtube audiobook	youtube audiobook animal farm
youtube audiobook	youtube audiobook all creatures great and small
youtube audiobook	youtube audiobook boxcar children
youtube audiobook	youtube audiobook biography
youtube audiobook	youtube audiobook bill bryson
youtube audiobook	youtube audiobook bible
youtube audiobook	youtube audiobook bernard cornwell
youtube audiobook	youtube billionaire audiobook
youtube audiobook	youtube bfg audiobook
youtube audiobook	youtube batman audiobook
youtube audiobook	youtube bluey audiobook
youtube audiobook	youtube bridgerton audiobook
youtube audiobook	youtube audiobook channel
youtube audiobook	youtube audiobook christian fiction
youtube audiobook	youtube audiobook clive cussler
youtube audiobook	youtube audiobook crime
youtube audiobook	youtube audiobook charles paris
youtube audiobook	youtube audiobook copyright infringement
youtube audiobook	youtube audiobook classics
youtube audiobook	youtube audiobook cosy mystery
youtube audiobook	youtube audiobook colleen hoover
youtube audiobook	youtube audiobook converter
youtube audiobook	youtube audiobook elmore leonard
youtube audiobook	youtube audiobook enid blyton
youtube audiobook	youtube audiobook emma
youtube audiobook	youtube audiobook east of eden
youtube audiobook	youtube audiobook ernest hemingway
youtube audiobook	youtube eragon audiobook
youtube audiobook	youtube essentialism audiobook
youtube audiobook	youtube emp audiobook
youtube audiobook	youtube english audio book
youtube audiobook	youtube audiobook janet evanovich
youtube audiobook	youtube audiobook free
youtube audiobook	youtube audiobook free harry potter
youtube audiobook	youtube audiobook for kids
youtube audiobook	youtube audiobook fantasy
youtube audiobook	youtube audiobook full length
youtube audiobook	youtube audiobook five find outers
youtube audiobook	youtube audiobook free agatha raisin
youtube audiobook	youtube audiobook full
youtube audiobook	youtube audiobook faraway tree
youtube audiobook	youtube audiobook fourth wing
youtube audiobook	youtube audiobook georgette heyer
youtube audiobook	youtube audiobook game of thrones
youtube audiobook	youtube audiobook gone with the wind
youtube audiobook	youtube audiobook great expectations
youtube audiobook	youtube audiobook graham greene
youtube audiobook	youtube audiobook genesis
youtube audiobook	youtube audiobook goodbye mr chips
youtube audiobook	youtube audiobook galbraith
youtube audiobook	youtube goosebumps audiobook
youtube audiobook	youtube gruffalo audiobook
youtube audiobook	youtube audiobook harry potter
youtube audiobook	youtube audiobook hamish macbeth
youtube audiobook	youtube audiobook hercule poirot
youtube audiobook	youtube audiobook hugh fraser
youtube audiobook	youtube audiobook hamish macbeth free
youtube audiobook	youtube audiobook hobbit
youtube audiobook	youtube audiobook harlan coben
youtube audiobook	youtube audiobook harry potter stephen fry
youtube audiobook	youtube audiobook harry potter and the sorcerer's stone
youtube audiobook	youtube audiobook horror
youtube audiobook	youtube audiobook in cold blood
youtube audiobook	youtube audiobooks inspector morse
youtube audiobook	youtube audio books in english
youtube audiobook	youtube ikigai audiobook
youtube audiobook	youtube iliad audiobook
youtube audiobook	youtube audiobook treasure island
youtube audiobook	youtube audiobook catcher in the rye
youtube audiobook	youtube audiobook the richest man in babylon
youtube audiobook	youtube it audiobook
youtube audiobook	youtube audiobook jack reacher
youtube audiobook	youtube audiobook james patterson
youtube audiobook	youtube audiobook jane austen
youtube audiobook	youtube audiobook james herriot
youtube audiobook	youtube audiobook john grisham
youtube audiobook	youtube audiobook john le carre
youtube audiobook	youtube audiobook jane eyre
youtube audiobook	youtube audiobook jeeves
youtube audiobook	youtube audiobook john
youtube audiobook	youtube audiobook kryminał całość
youtube audiobook	youtube audiobook kids
youtube audiobook	youtube audiobook kristin hannah
youtube audiobook	youtube audiobook kristen proby
youtube audiobook	youtube audiobooks k 9 navy seals
youtube audiobook	youtube audio books ken follett
youtube audiobook	youtube audiobooks kids free
youtube audiobook	youtube audiobooks k 9
youtube audiobook	youtube audio books karin slaughter
youtube audiobook	youtube audiobook to kill a mockingbird
youtube audiobook	youtube audiobook library
youtube audiobook	youtube audiobook little women free
youtube audiobook	youtube audiobook librivox
youtube audiobook	youtube audiobook little house on the prairie
youtube audiobook	youtube lord of the rings audiobook
youtube audiobook	youtube audiobook lord of the flies
youtube audiobook	youtube audiobook lisa kleypas
youtube audiobook	youtube audiobook laura childs
youtube audiobook	youtube audiobook louise penny
youtube audiobook	youtube audiobook le carre
youtube audiobook	youtube audiobook mystery
youtube audiobook	youtube audiobook mystery thriller
youtube audiobook	youtube audiobooks mystery free
youtube audiobook	youtube audiobooks miss marple
youtube audiobook	youtube audiobook michael connelly
youtube audiobook	youtube audiobook maigret
youtube audiobook	youtube audiobook mafia romance
youtube audiobook	youtube audiobooks mystery short stories
youtube audiobook	youtube audiobook mary balogh
youtube audiobook	youtube audiobook marple
youtube audiobook	youtube audiobook nora roberts
youtube audiobook	youtube audiobook ngaio marsh
youtube audiobook	youtube audiobook nero wolfe
youtube audiobook	youtube audiobook no ads
youtube audiobook	youtube audiobook nightline
youtube audiobook	youtube audiobook narnia
youtube audiobook	youtube audiobook nancy drew
youtube audiobook	youtube audiobook noce i dnie
youtube audiobook	youtube night audiobook
youtube audiobook	youtube neuromancer audiobook
youtube audiobook	psalms audiobook youtube
youtube audiobook	youtube audiobook of matthew
youtube audiobook	youtube audiobook old man and the sea
youtube audiobook	youtube audiobook of mice and men
youtube audiobook	youtube audiobook of isaiah
youtube audiobook	youtube audiobook of john
youtube audiobook	youtube audiobook of genesis
youtube audiobook	youtube audiobook of luke
youtube audiobook	youtube audiobook of ecclesiastes
youtube audiobook	youtube audiobook of acts
youtube audiobook	youtube audiobook poirot read by hugh fraser
youtube audiobook	youtube audiobook pride and prejudice
youtube audiobook	youtube audiobook project hail mary
youtube audiobook	youtube audiobook pansy
youtube audiobook	youtube audiobook po polsku za darmo
youtube audiobook	youtube audiobook poirot
youtube audiobook	youtube audiobook poirot hugh fraser
youtube audiobook	youtube audiobook proverbs
youtube audiobook	youtube audiobook pd james
youtube audiobook	youtube audiobook patricia cornwell
youtube audiobook	quo vadis audiobook youtube
youtube audiobook	youtube quicksilver audiobook
youtube audiobook	youtube audiobook don quixote
youtube audiobook	does youtube have audio books
youtube audiobook	youtube audiobook romance
youtube audiobook	youtube audiobook regency romance
youtube audiobook	youtube audiobook reddit
youtube audiobook	youtube audiobook recommendations
youtube audiobook	youtube audiobook rebecca
youtube audiobook	youtube audiobook reacher
youtube audiobook	youtube audiobook romance series
youtube audiobook	youtube audiobook roald dahl
youtube audiobook	youtube audiobook raymond chandler
youtube audiobook	youtube audiobook red storm rising
youtube audiobook	youtube audiobook science fiction
youtube audiobook	youtube audiobook sherlock holmes
youtube audiobook	youtube audiobook sherlock holmes the speckled band
youtube audiobook	youtube audiobook simon brett
youtube audiobook	youtube audiobook short stories
youtube audiobook	youtube audiobook stephanie plum
youtube audiobook	youtube audiobook stephen king
youtube audiobook	youtube audiobook scales of justice
youtube audiobook	youtube audiobook sci fi
youtube audiobook	youtube audiobook sherlock
youtube audiobook	youtube audiobook tom clancy
youtube audiobook	youtube audiobook the hobbit
youtube audiobook	youtube audiobook the cat who
youtube audiobook	youtube audiobook thriller
youtube audiobook	youtube audiobook terry pratchett
youtube audiobook	youtube audiobook to mp3 converter
youtube audiobook	youtube audiobook the odyssey
youtube audiobook	youtube audiobook the great gatsby
youtube audiobook	youtube unwind audiobook
youtube audiobook	youtube ulysses audiobook
youtube audiobook	youtube captain underpants audiobook
youtube audiobook	youtube james joyce ulysses audiobook
youtube audiobook	youtube audiobook duma i uprzedzenie
youtube audiobook	can you listen to audiobooks on youtube
youtube audiobook	how to listen to audiobooks on youtube
youtube audiobook	youtube audiobook vanessa vale manhunt
youtube audiobook	youtube verity audiobook
youtube audiobook	youtube vampire audiobook
youtube audiobook	youtube video audiobook
youtube audiobook	youtube audiobook jules verne
youtube audiobook	youtube the veldt audiobook
youtube audiobook	youtube merchant of venice audiobook
youtube audiobook	youtube audiobook interview with a vampire
youtube audiobook	youtube audiobook western romance
youtube audiobook	youtube audiobook war and peace
youtube audiobook	youtube audiobook werewolf
youtube audiobook	youtube audiobook wuthering heights
youtube audiobook	youtube audiobook wodehouse
youtube audiobook	youtube audiobook western
youtube audiobook	youtube audiobook wonder
youtube audiobook	youtube warhammer audiobook
youtube audiobook	youtube yesteryear audiobook
youtube audiobook	youtube regretting you audiobook
youtube audiobook	youtube audiobook youtube
youtube audiobook	youtube audiobook za darmo
youtube audiobook	youtube audiobook ziemia obiecana
youtube audiobook	youtube audiobook znachor
youtube audiobook	youtube zbrodnia i kara audiobook
youtube audiobook	youtube audiobook zemsta
youtube audiobook	youtube zombie audiobook
youtube audiobook	youtube ground zero audiobook
youtube audiobook	audiobook zone youtube
youtube audiobook	youtube world war z audiobook
